{
    "abdeljalil": {
        "camera_matrix": [
            [
                491.1464882580911,
                0.0,
                338.51257398764454
            ],
            [
                0.0,
                493.6140687794765,
                644.837535883185
            ],
            [
                0.0,
                0.0,
                1.0
            ]
        ],
        "dist_coefs": [
            [
                -0.0499797311843936,
                -0.577938218717444,
                0.00039829209500973333,
                -0.006814563458821112,
                2.317986328923981
            ]
        ],
        "square_size": 30.0,
        "pattern_size": [
            4,
            4
        ]
    }
}