{
    "abdeljalil": {
        "camera_matrix": [
            [
                516.6053973197204,
                0.0,
                355.9972555033588
            ],
            [
                0.0,
                517.0677326766111,
                644.7466529539661
            ],
            [
                0.0,
                0.0,
                1.0
            ]
        ],
        "dist_coefs": [
            [
                0.28018135677136485,
                -2.5340825410248695,
                -0.00328099827488007,
                0.0028534318277612446,
                8.097797386022277
            ]
        ],
        "square_size": 30.0,
        "pattern_size": [
            4,
            4
        ]
    },
    "abdel": {
        "camera_matrix": [
            [
                492.2777995450721,
                0.0,
                418.0258652916333
            ],
            [
                0.0,
                493.7318404133826,
                563.3342679021382
            ],
            [
                0.0,
                0.0,
                1.0
            ]
        ],
        "dist_coefs": [
            [
                -0.07616251614080281,
                0.17599701398354126,
                0.007705064175798259,
                0.005888308354561913,
                -0.15501654884481034
            ]
        ],
        "square_size": 30.0,
        "pattern_size": [
            4,
            4
        ]
    },
    "yassine": {
        "camera_matrix": [
            [
                978.5045091672995,
                0.0,
                358.1713930615082
            ],
            [
                0.0,
                981.4117741231667,
                775.569514780351
            ],
            [
                0.0,
                0.0,
                1.0
            ]
        ],
        "dist_coefs": [
            [
                0.6256562105786846,
                -3.2388764953803273,
                0.09453217584301458,
                0.005467733945950917,
                10.549222922022496
            ]
        ],
        "square_size": 30.0,
        "pattern_size": [
            4,
            4
        ]
    },
    "yassine1": {
        "camera_matrix": [
            [
                936.7923500465888,
                0.0,
                353.8942771784966
            ],
            [
                0.0,
                936.596293852938,
                645.0593478117341
            ],
            [
                0.0,
                0.0,
                1.0
            ]
        ],
        "dist_coefs": [
            [
                0.24266028257211647,
                -1.7986830749313967,
                0.0007306383572820304,
                -0.0011970546720377812,
                4.4681858489384485
            ]
        ],
        "square_size": 40.0,
        "pattern_size": [
            4,
            4
        ]
    }
}