{
    "abdeljalil": {
        "camera_matrix": [
            [
                491.1464882580911,
                0.0,
                338.51257398764454
            ],
            [
                0.0,
                493.6140687794765,
                644.837535883185
            ],
            [
                0.0,
                0.0,
                1.0
            ]
        ],
        "dist_coefs": [
            [
                -0.0499797311843936,
                -0.577938218717444,
                0.00039829209500973333,
                -0.006814563458821112,
                2.317986328923981
            ]
        ],
        "square_size": 30.0,
        "pattern_size": [
            4,
            4
        ]
    },
    "yabs": {
        "camera_matrix": [
            [
                618.4455160927934,
                0.0,
                392.6585713127017
            ],
            [
                0.0,
                616.3895771421934,
                314.28598152651944
            ],
            [
                0.0,
                0.0,
                1.0
            ]
        ],
        "dist_coefs": [
            [
                0.40842380629494957,
                -3.184999765063283,
                0.012103125156972518,
                -0.01222846204311004,
                7.7923714481172555
            ]
        ],
        "square_size": 30.0,
        "pattern_size": [
            4,
            4
        ]
    }
}