{
    "yassine": {
        "camera_matrix": [
            [
                618.4455160927934,
                0.0,
                392.6585713127017
            ],
            [
                0.0,
                616.3895771421934,
                314.28598152651944
            ],
            [
                0.0,
                0.0,
                1.0
            ]
        ],
        "dist_coefs": [
            [
                0.40842380629494957,
                -3.184999765063283,
                0.012103125156972518,
                -0.01222846204311004,
                7.7923714481172555
            ]
        ],
        "square_size": 30.0,
        "pattern_size": [
            4,
            4
        ]
    },
    "yass": {
        "camera_matrix": [
            [
                1028.867785110665,
                0.0,
                318.72170730430287
            ],
            [
                0.0,
                1040.7693378097877,
                539.12160333003
            ],
            [
                0.0,
                0.0,
                1.0
            ]
        ],
        "dist_coefs": [
            [
                0.20599953904869014,
                0.13342147019608544,
                -0.05126347909994472,
                -0.018165413484935354,
                -1.1844034464159194
            ]
        ],
        "square_size": 30.0,
        "pattern_size": [
            4,
            4
        ]
    }
}